1	ð▓ ð║ð░ð║ð¥ð╝ ð▓ðÁð║ðÁ ÐüÐçð©Ðéð░ðÁÐéÐüÐÅ, ÐçÐéð¥ ð¢ð░Ðçð░ð╗ð░ÐüÐî Ðìð┐ð¥Ðàð░ ð░ð¢Ðéð©Ðçð¢ð¥ÐüÐéð©?
2	ð▓ ð║ð░ð║ð¥ð╝ ð│ð¥ÐÇð¥ð┤ðÁ ÐÇð░Ðüð┐ð¥ð╗ð¥ðÂðÁð¢ ð░ð║ÐÇð¥ð┐ð¥ð╗Ðî Ðü ð┐ð░ÐÇÐäðÁð¢ð¥ð¢ð¥ð╝?
3	ð║ð░ð║ð¥ð╣ ð╝ðÁÐéð░ð╗ð╗ ð┐ð¥ð╗ð¥ðÂð©ð╗ ð¢ð░Ðçð░ð╗ð¥ ┬½ð▒ÐÇð¥ð¢ðÀð¥ð▓Ðïð╣ ð▓ðÁð║Ðâ┬╗?
4	ð║ð░ð║ ð¢ð░ðÀÐïð▓ð░ð╗ÐüÐÅ ð┤ÐÇðÁð▓ð¢ðÁð│ÐÇðÁÐçðÁÐüð║ð©ð╣ ð│ð¥ÐÇð¥ð┤ÔÇæð│ð¥ÐüÐâð┤ð░ÐÇÐüÐéð▓ð¥?
5	ð║ð░ð║ð¥ð╣ Ðäð░ÐÇð░ð¥ð¢ ð┐ð¥ÐüÐéÐÇð¥ð©ð╗ ðÀð¢ð░ð╝ðÁð¢ð©ÐéÐâÐÄ ÐüÐéÐâð┐ðÁð¢Ðçð░ÐéÐâÐÄ ð┐ð©ÐÇð░ð╝ð©ð┤Ðâ ð▓ Ðüð░ð║ð║ð░ÐÇðÁ?
6	ð║ð░ð║ð¥ð╣ ð▓ð¥ð©ð¢Ðüð║ð©ð╣ ÐüÐéÐÇð¥ð╣ ð▒Ðïð╗ Ðàð░ÐÇð░ð║ÐéðÁÐÇðÁð¢ ð┤ð╗ÐÅ ð┤ÐÇðÁð▓ð¢ðÁð│ÐÇðÁÐçðÁÐüð║ð©Ðà ð│ð¥ð┐ð╗ð©Ðéð¥ð▓?
7	ð▓ ð║ð░ð║ð¥ð╝ ð│ð¥ð┤Ðâ ÐéÐÇð░ð┤ð©Ðåð©ð¥ð¢ð¢ð¥ ÐüÐçð©Ðéð░ðÁÐéÐüÐÅ ð¥Ðüð¢ð¥ð▓ð░ð¢ð©ðÁ ÐÇð©ð╝ð░?
8	ð║ð░ð║ð░ÐÅ Ðäð¥ÐÇð╝ð░ ð┐ÐÇð░ð▓ð╗ðÁð¢ð©ÐÅ ð▒Ðïð╗ð░ ð▓ ð┤ÐÇðÁð▓ð¢ðÁð╣ Ðüð┐ð░ÐÇÐéðÁ?
9	ð▓ ð║ð░ð║ð¥ð╝ ÐüÐéð¥ð╗ðÁÐéð©ð© ð┐ÐÇð¥ð©ðÀð¥ÐêÐæð╗ ð┐ð¥ðÂð░ÐÇ ÐÇð©ð╝ð░ ð┐ÐÇð© ð¢ðÁÐÇð¥ð¢ðÁ?
10	ð║ð░ð║ð¥ð╣ ð©ðÀ ð┐ðÁÐÇðÁÐçð©Ðüð╗ðÁð¢ð¢ÐïÐà ð¢ð░ÐÇð¥ð┤ð¥ð▓ ð┤ð░ð╗ ð¢ð░ðÀð▓ð░ð¢ð©ðÁ ð░ð╗Ðäð░ð▓ð©ÐéÐâ, ð¥Ðé ð║ð¥Ðéð¥ÐÇð¥ð│ð¥ ð┐ð¥ÐêÐæð╗ ð╗ð░Ðéð©ð¢Ðüð║ð©ð╣?
11	ð║ð░ð║ð¥ð╣ Ðäð©ð╗ð¥Ðüð¥Ðä ð▒Ðïð╗ ÐâÐçð©ÐéðÁð╗ðÁð╝ ð░ð╗ðÁð║Ðüð░ð¢ð┤ÐÇð░ ð╝ð░ð║ðÁð┤ð¥ð¢Ðüð║ð¥ð│ð¥?
12	ð║ð░ð║ ð¢ð░ðÀÐïð▓ð░ð╗ð░ÐüÐî ð┐ðÁÐÇð▓ð░ÐÅ ð│ÐÇðÁÐçðÁÐüð║ð░ÐÅ ð©ÐüÐéð¥ÐÇð©ÐçðÁÐüð║ð░ÐÅ ┬½ð║ð¢ð©ð│ð░┬╗ (ð│ðÁÐÇð¥ð┤ð¥Ðéð░)?
13	ð║ð░ð║ð¥ð╣ ð©ðÀ ð┐ðÁÐÇðÁÐçð©Ðüð╗ðÁð¢ð¢ÐïÐà ð│ð¥ÐÇð¥ð┤ð¥ð▓ ð▒Ðïð╗ ÐüÐéð¥ð╗ð©ÐåðÁð╣ ð┐ðÁÐÇÐüð©ð┤Ðüð║ð¥ð╣ ð©ð╝ð┐ðÁÐÇð©ð© ð┐ÐÇð© ð┤ð░ÐÇð©ð© i?
14	ð║ð░ð║ð¥ð╣ Ðäð░ÐÇð░ð¥ð¢ ð░ÐüÐüð¥Ðåð©ð©ÐÇÐâðÁÐéÐüÐÅ Ðü ð┐ðÁÐÇð▓Ðïð╝ ð©ðÀð▓ðÁÐüÐéð¢Ðïð╝ ┬½ð╝ð¥ð¢ð¥ÐéðÁð©ÐüÐéð©ÐçðÁÐüð║ð©ð╝┬╗ ð║Ðâð╗ÐîÐéð¥ð╝ ð▓ ðÁð│ð©ð┐ÐéðÁ?
15	ð▓ ð║ð░ð║ð¥ð╝ ð▓ðÁð║ðÁ ð┐ÐÇð©ð¢ÐÅÐéð¥ ÐüÐçð©Ðéð░ÐéÐî ð¢ð░Ðçð░ð╗ð¥ Ðìð┐ð¥Ðàð© ð░ð¢Ðéð©Ðçð¢ð¥ÐüÐéð© ð▓ ð│ÐÇðÁÐåð©ð©?
16	ð║ð░ð║ ð¢ð░ðÀÐïð▓ð░ð╗ÐüÐÅ ð¥Ðüð¢ð¥ð▓ð¢ð¥ð╣ ð▓ð©ð┤ ð▓ð¥ð╣Ðüð║ð░ ð▓ ð░ÐÇð╝ð©ð© ð│ð¥ð┐ð╗ð©Ðéð¥ð▓?
17	ð║ð░ð║ð¥ð╣ ð│ð¥ÐÇð¥ð┤ ð▒Ðïð╗ ÐåðÁð¢ÐéÐÇð¥ð╝ ð░Ðäð©ð¢Ðüð║ð¥ð╣ ð┤ðÁð╝ð¥ð║ÐÇð░Ðéð©ð©?
18	ð║ð░ð║ð¥ð╣ Ðäð©ð╗ð¥Ðüð¥Ðä ð▒Ðïð╗ ÐâÐçð©ÐéðÁð╗ðÁð╝ ð┐ð╗ð░Ðéð¥ð¢ð░?
19	ð║ð░ð║ð¥ð╣ ð▒ð¥ð│ ð▒Ðïð╗ ð┐ð¥ð║ÐÇð¥ð▓ð©ÐéðÁð╗ðÁð╝ ð╝Ðâð┤ÐÇð¥ÐüÐéð© ð© ÐüÐéÐÇð░ÐéðÁð│ð©ð© ð▓ ð┤ÐÇðÁð▓ð¢ðÁð╣ ð│ÐÇðÁÐåð©ð©?
20	ð║ð░ð║ ð¢ð░ðÀÐïð▓ð░ð╗ð¥ÐüÐî ð┤ÐÇðÁð▓ð¢ðÁð│ÐÇðÁÐçðÁÐüð║ð¥ðÁ ð│ð¥ÐÇð¥ð┤ÔÇæð│ð¥ÐüÐâð┤ð░ÐÇÐüÐéð▓ð¥?
21	ð║ð░ð║ð¥ð╣ Ðäð©ð╗ð¥Ðüð¥Ðä ð¢ð░ð┐ð©Ðüð░ð╗ ÐÇð░ð▒ð¥ÐéÐâ ┬½ð│ð¥ÐüÐâð┤ð░ÐÇÐüÐéð▓ð¥┬╗?
22	ð▓ ð║ð░ð║ð¥ð╝ ð│ð¥ÐÇð¥ð┤ðÁ ð┐ÐÇð¥Ðàð¥ð┤ð©ð╗ð© ð┤ÐÇðÁð▓ð¢ðÁð│ÐÇðÁÐçðÁÐüð║ð©ðÁ ð¥ð╗ð©ð╝ð┐ð©ð╣Ðüð║ð©ðÁ ð©ð│ÐÇÐï?
23	ð║ð░ð║ð¥ð╣ ð©ðÀ ð┐ðÁÐÇðÁÐçð©Ðüð╗ðÁð¢ð¢ÐïÐà ð│ð¥ÐÇð¥ð┤ð¥ð▓ ð▒Ðïð╗ ð©ðÀð▓ðÁÐüÐéðÁð¢ Ðüð▓ð¥ðÁð╣ ð¥ð╗ð©ð│ð░ÐÇÐàð©ÐçðÁÐüð║ð¥ð╣ ð© ð▓ð¥ðÁð¢ð¢ð¥ð╣ Ðüð©ÐüÐéðÁð╝ð¥ð╣?
24	ð║ð░ð║ð¥ð╣ Ðäð©ð╗ð¥Ðüð¥Ðä ð▒Ðïð╗ ð¥Ðüð¢ð¥ð▓ð░ÐéðÁð╗ðÁð╝ ð┐ðÁÐÇð©ð┐ð░ÐéðÁÐéð©ÐçðÁÐüð║ð¥ð╣ Ðêð║ð¥ð╗Ðï?
25	ð║ð░ð║ð¥ð╣ ÐéðÁÐÇð╝ð©ð¢ ð¥ð▒ð¥ðÀð¢ð░Ðçð░ð╗ ð¢ð░ÐÇð¥ð┤ð¢ð¥ðÁ Ðüð¥ð▒ÐÇð░ð¢ð©ðÁ ð▓ ð┤ÐÇðÁð▓ð¢ð©Ðà ð░Ðäð©ð¢ð░Ðà?
26	ð║ð░ð║ð¥ð╣ Ðäð©ð╗ð¥Ðüð¥Ðä ð▒Ðïð╗ ÐâÐçð©ÐéðÁð╗ðÁð╝ ð┐ð©Ðäð░ð│ð¥ÐÇð░?
27	ð║ð░ð║ð¥ð╣ ð©ðÀ ð┐ðÁÐÇðÁÐçð©Ðüð╗ðÁð¢ð¢ÐïÐà ð│ð¥ÐÇð¥ð┤ð¥ð▓ ð▒Ðïð╗ ð║ÐÇÐâð┐ð¢Ðïð╝ Ðéð¥ÐÇð│ð¥ð▓Ðïð╝ ÐåðÁð¢ÐéÐÇð¥ð╝ ð╝ð░ð╗ð¥ð╣ ð░ðÀð©ð©?
28	ð║ð░ð║ð¥ð╣ Ðäð©ð╗ð¥Ðüð¥Ðä ÐüÐçð©Ðéð░ðÁÐéÐüÐÅ ┬½ð¥ÐéÐåð¥ð╝ ð┤ð©ð░ð╗ðÁð║Ðéð©ð║ð©┬╗?
29	ð▓ ð║ð░ð║ð¥ð╝ ð│ð¥ÐÇð¥ð┤ðÁ ðÀð░ÐÇð¥ð┤ð©ð╗ð░ÐüÐî ð░Ðäð©ð¢Ðüð║ð░ÐÅ ð┤ðÁð╝ð¥ð║ÐÇð░Ðéð©ÐÅ?
30	ð║ð░ð║ ð¢ð░ðÀÐïð▓ð░ð╗ÐüÐÅ ð¥Ðüð¥ð▒Ðïð╣ ð▓ð¥ðÁð¢ð¢Ðïð╣ ð¥ÐÇð│ð░ð¢ ð▓ Ðüð┐ð░ÐÇÐéðÁ?
31	ð║ð░ð║ð¥ð╣ ð┐ð¥ÐìÐé ð▒Ðïð╗ ð░ð▓Ðéð¥ÐÇð¥ð╝ ┬½ð©ð╗ð©ð░ð┤Ðï┬╗ ð© ┬½ð¥ð┤ð©ÐüÐüðÁð©┬╗?
32	ð║ð░ð║ð¥ð╣ ÐéðÁÐÇð╝ð©ð¢ ð¥ð▒ð¥ðÀð¢ð░Ðçð░ð╗ ÐüÐéð░ÐÇðÁð╣Ðêð©ð╣ Ðüð¥ð▓ðÁÐé ð▓ Ðüð┐ð░ÐÇÐéðÁ?
33	ð║ð░ð║ð¥ð╣ ð©ðÀ ð┐ðÁÐÇðÁÐçð©Ðüð╗ðÁð¢ð¢ÐïÐà ð│ð¥ÐÇð¥ð┤ð¥ð▓ ð▒Ðïð╗ ð©ðÀð▓ðÁÐüÐéðÁð¢ Ðüð▓ð¥ð©ð╝ð© Ðäð©ð╗ð¥Ðüð¥ÐäÐüð║ð©ð╝ð© Ðêð║ð¥ð╗ð░ð╝ð©?
34	ð║ð░ð║ð¥ð╣ Ðäð©ð╗ð¥Ðüð¥Ðä ð▒Ðïð╗ ð¥Ðüð¢ð¥ð▓ð░ÐéðÁð╗ðÁð╝ ð░ð║ð░ð┤ðÁð╝ð©ÐçðÁÐüð║ð¥ð╣ Ðêð║ð¥ð╗Ðï?
35	ð║ð░ð║ð¥ð╣ Ðéð©ð┐ ð║ð¥ÐÇð░ð▒ð╗ÐÅ ð©Ðüð┐ð¥ð╗ÐîðÀð¥ð▓ð░ð╗ÐüÐÅ ð▓ ð│ÐÇðÁÐçðÁÐüð║ð¥ð╝ ð▓ð¥ðÁð¢ð¢ð¥ð╝ Ðäð╗ð¥ÐéðÁ?
36	ð║ð░ð║ð¥ðÁ Ðüð¥ð▒ÐïÐéð©ðÁ Ðüð▓ÐÅðÀÐïð▓ð░ÐÄÐé Ðü ð¢ð░Ðçð░ð╗ð¥ð╝ ┬½ð┐ðÁÐÇð▓ð¥ð╣┬╗ ð¥ð╗ð©ð╝ð┐ð©ð╣Ðüð║ð¥ð╣ ð©ð│ÐÇÐï?
37	ð║ð░ð║ð¥ð╣ Ðäð©ð╗ð¥Ðüð¥Ðä ð▒Ðïð╗ ð©ðÀð▓ðÁÐüÐéðÁð¢ ÐâÐçðÁð¢ð©ðÁð╝ ð¥ ┬½ðÀð¥ð╗ð¥Ðéð¥ð╣ ÐüðÁÐÇðÁð┤ð©ð¢ðÁ┬╗?
38	ð║ð░ð║ð¥ð╣ ÐéðÁÐÇð╝ð©ð¢ ð¥ð▒ð¥ðÀð¢ð░Ðçð░ð╗ ðÂÐÇðÁÐåð░ ð▓ ð┤ÐÇðÁð▓ð¢ðÁð╣ ð│ÐÇðÁÐåð©ð©?
39	ð║ð░ð║ð¥ð╣ ð©ðÀ ð┐ðÁÐÇðÁÐçð©Ðüð╗ðÁð¢ð¢ÐïÐà ð│ð¥ÐÇð¥ð┤ð¥ð▓ ð▒Ðïð╗ ð│ð╗ð░ð▓ð¢Ðïð╝ ÐåðÁð¢ÐéÐÇð¥ð╝ ð║Ðâð╗ÐîÐéð¥ð▓ ð┤ðÁð╗ÐîÐäð©ð╣Ðüð║ð¥ð│ð¥ ð¥ÐÇð░ð║Ðâð╗ð░?
40	ð║ð░ð║ð¥ð╣ Ðäð©ð╗ð¥Ðüð¥Ðä ð▒Ðïð╗ ð¥Ðüð¢ð¥ð▓ð░ÐéðÁð╗ðÁð╝ ð║ð©ð¢ð©ÐçðÁÐüð║ð¥ð╣ Ðêð║ð¥ð╗Ðï?
41	ð║ð░ð║ð¥ð╣ ÐéðÁÐÇð╝ð©ð¢ ð¥ð▒ð¥ðÀð¢ð░Ðçð░ð╗ ð▓ð¥ð╣ð¢Ðâ ð╝ðÁðÂð┤Ðâ ð░Ðäð©ð¢ð░ð╝ð© ð© Ðüð┐ð░ÐÇÐéð¥ð╣ 431ÔÇô404 ð│ð│. ð┤ð¥ ð¢.Ðì.?
42	ð║ð░ð║ð¥ð╣ ð©ÐüÐéð¥ÐÇð©ð║ ð¥ð┐ð©Ðüð░ð╗ ð┐ðÁð╗ð¥ð┐ð¥ð¢ð¢ðÁÐüÐüð║ÐâÐÄ ð▓ð¥ð╣ð¢Ðâ?
43	ð║ð░ð║ð¥ð╣ ð©ðÀ ð┐ðÁÐÇðÁÐçð©Ðüð╗ðÁð¢ð¢ÐïÐà ð│ð¥ÐÇð¥ð┤ð¥ð▓ ð▒Ðïð╗ ð©ðÀð▓ðÁÐüÐéðÁð¢ ð║ð░ð║ ┬½ð│ð¥ÐÇð¥ð┤ÔÇæÐâÐçð©ÐéðÁð╗Ðî┬╗ ð│ÐÇðÁÐåð©ð©?
44	ð▓ ð║ð░ð║ð¥ð╝ ð│ð¥ð┤Ðâ ð┐ÐÇð¥ð©ðÀð¥ÐêÐæð╗ ð▒ð¥ð╣ ð┐ÐÇð© Ðüð░ð╗ð░ð╝ð©ð¢ðÁ?
45	ð║ð░ð║ð¥ð╣ Ðäð©ð╗ð¥Ðüð¥Ðä ð▒Ðïð╗ ð¥Ðüð¢ð¥ð▓ð░ÐéðÁð╗ðÁð╝ Ðìð┐ð©ð║ÐâÐÇðÁð╣Ðüð║ð¥ð╣ Ðêð║ð¥ð╗Ðï?
46	ð▓ ð║ð░ð║ð¥ð╝ ð│ð¥ÐÇð¥ð┤ðÁ ð┐ÐÇð¥Ðàð¥ð┤ð©ð╗ð© Ðüð¥ÐüÐéÐÅðÀð░ð¢ð©ÐÅ ð© ð©ð│ÐÇÐï ð▓ ÐçðÁÐüÐéÐî ð▒ð¥ð│ð░ ð┐ð¥ÐüðÁð╣ð┤ð¥ð¢ð░?
47	ð║ð░ð║ð¥ð╣ ÐéðÁÐÇð╝ð©ð¢ ð¥ð▒ð¥ðÀð¢ð░Ðçð░ð╗ ┬½ð│ð╗ð░ð▓ð¢ÐâÐÄ ð┐ð╗ð¥Ðëð░ð┤Ðî┬╗ ð▓ ð┤ÐÇðÁð▓ð¢ðÁð│ÐÇðÁÐçðÁÐüð║ð¥ð╝ ð│ð¥ÐÇð¥ð┤ðÁ?
48	ð▓ ð║ð░ð║ð¥ð╝ ð│ð¥ð┤Ðâ ÐéÐÇð░ð┤ð©Ðåð©ð¥ð¢ð¢ð¥ ÐüÐçð©Ðéð░ðÁÐéÐüÐÅ ð¢ð░Ðçð░ð╗ð¥ ð┐ðÁÐÇð▓ð¥ð╣ ð│ÐÇðÁð║ð¥ÔÇæð┐ðÁÐÇÐüð©ð┤Ðüð║ð¥ð╣ ð▓ð¥ð╣ð¢Ðï?
49	ð║ð░ð║ð¥ð╣ Ðäð©ð╗ð¥Ðüð¥Ðä ð▓ð▓Ðæð╗ ð▓ ð¢ð░Ðâð║Ðâ ÐéðÁÐÇð╝ð©ð¢ ┬½Ðäð©ðÀð©ð║ð░┬╗?
50	ð║ð░ð║ð¥ð╣ ð©ðÀ ð┐ðÁÐÇðÁÐçð©Ðüð╗ðÁð¢ð¢ÐïÐà ð│ð¥ÐÇð¥ð┤ð¥ð▓ ð▒Ðïð╗ ð©ðÀð▓ðÁÐüÐéðÁð¢ ð║ð░ð║ ┬½ð║ð¥ð╗Ðïð▒ðÁð╗Ðî┬╗ ð©ð¥ð¢ð©ð╣Ðüð║ð¥ð╣ Ðäð©ð╗ð¥Ðüð¥Ðäð©ð©?
51	ð▓ ð║ð░ð║ð¥ð╝ ð│ð¥ð┤Ðâ Ðüð¥ÐüÐéð¥ÐÅð╗ð░ÐüÐî ÐÇðÁÐêð░ÐÄÐëð░ÐÅ ð▒ð©Ðéð▓ð░ ð┐ÐÇð© ð┐ð╗ð░ÐéðÁðÁ?
52	ð║ð░ð║ð¥ð╣ ð©ðÀ ð┐ðÁÐÇðÁÐçð©Ðüð╗ðÁð¢ð¢ÐïÐà ð¥ð▒ÐÇð░ðÀð¥ð▓ ð▒Ðïð╗ ð│ð╗ð░ð▓ð¢Ðïð╝ ð▓ ð░ÐÇÐàð░ð©ÐçðÁÐüð║ð¥ð╝ ð│ÐÇðÁÐçðÁÐüð║ð¥ð╝ ð©Ðüð║ÐâÐüÐüÐéð▓ðÁ?
53	ð▓ ð║ð░ð║ð¥ð╝ ð│ð¥ð┤Ðâ ÐéÐÇð░ð┤ð©Ðåð©ð¥ð¢ð¢ð¥ ÐüÐçð©Ðéð░ðÁÐéÐüÐÅ ð¢ð░Ðçð░ð╗ð¥ ð┐ÐÇð░ð▓ð╗ðÁð¢ð©ÐÅ ð░ð╗ðÁð║Ðüð░ð¢ð┤ÐÇð░ ð╝ð░ð║ðÁð┤ð¥ð¢Ðüð║ð¥ð│ð¥?
54	ð║ð░ð║ð¥ð╣ ð▒ð¥ð│ ð▒Ðïð╗ ð┐ð¥ð║ÐÇð¥ð▓ð©ÐéðÁð╗ðÁð╝ ð▓ÐÇð░ÐçðÁð▓ð░ð¢ð©ÐÅ ð▓ ð┤ÐÇðÁð▓ð¢ðÁð╣ ð│ÐÇðÁÐåð©ð©?
55	ð║ð░ð║ð¥ð╣ ÐéðÁÐÇð╝ð©ð¢ ð¥ð▒ð¥ðÀð¢ð░Ðçð░ð╗ ┬½ð▓Ðïð▒ð¥ÐÇÐï ðÂÐÇðÁð▒ð©ðÁð╝┬╗ ð▓ ð░Ðäð©ð¢Ðüð║ð¥ð╣ ð┐ð¥ð╗ð©Ðéð©ð║ðÁ?
56	ð▓ ð║ð░ð║ð¥ð╝ ð│ð¥ÐÇð¥ð┤ðÁ ð┐ÐÇð¥Ðàð¥ð┤ð©ð╗ð© ð┐ð©Ðäð©ð╣Ðüð║ð©ðÁ ð©ð│ÐÇÐï?
57	ð║ð░ð║ð¥ð╣ Ðäð©ð╗ð¥Ðüð¥Ðä ð▒Ðïð╗ ð¥Ðüð¢ð¥ð▓ð░ÐéðÁð╗ðÁð╝ ┬½Ðüð░ð┤ð░┬╗ Ðìð┐ð©ð║ÐâÐÇðÁð╣ÐåðÁð▓?
58	ð▓ ð║ð░ð║ð¥ð╝ ð│ð¥ð┤Ðâ ÐéÐÇð░ð┤ð©Ðåð©ð¥ð¢ð¢ð¥ ÐüÐçð©Ðéð░ðÁÐéÐüÐÅ ð¥ð║ð¥ð¢Ðçð░ð¢ð©ðÁ ð┐ðÁð╗ð¥ð┐ð¥ð¢ð¢ðÁÐüÐüð║ð¥ð╣ ð▓ð¥ð╣ð¢Ðï?
59	ð║ð░ð║ð¥ðÁ Ðüð¥ð▒ÐïÐéð©ðÁ Ðüð▓ÐÅðÀÐïð▓ð░ÐÄÐé Ðü ð┤ð░Ðéð¥ð╣ 338 ð│. ð┤ð¥ ð¢.Ðì. ð▓ ð©ÐüÐéð¥ÐÇð©ð© ð│ÐÇðÁÐåð©ð©?
60	ð║ð░ð║ð¥ð╣ Ðäð©ð╗ð¥Ðüð¥Ðä ð┐ð©Ðüð░ð╗, ÐçÐéð¥ ð▓ ð│ð¥ÐüÐâð┤ð░ÐÇÐüÐéð▓ðÁ ┬½ð┤ð¥ð╗ðÂð¢Ðï ð┐ÐÇð░ð▓ð©ÐéÐî Ðäð©ð╗ð¥Ðüð¥ÐäÐï┬╗?
61	ð▓ ð║ð░ð║ð¥ð╝ ð▓ðÁð║ðÁ ð┐ÐÇð¥ð©ðÀð¥Ðêð╗ð¥ ð¥Ðüð¢ð¥ð▓ð¢ð¥ðÁ ┬½ðÀð¥ð╗ð¥Ðéð¥ðÁ ð▓ÐÇðÁð╝ÐÅ┬╗ ð░Ðäð©ð¢Ðüð║ð¥ð╣ ð┤ðÁð╝ð¥ð║ÐÇð░Ðéð©ð©?
62	ð║ð░ð║ð¥ð╣ ð©ðÀ ð┐ðÁÐÇðÁÐçð©Ðüð╗ðÁð¢ð¢ÐïÐà ð▒ð¥ð│ð¥ð▓ ð▒Ðïð╗ ð┐ð¥ð║ÐÇð¥ð▓ð©ÐéðÁð╗ðÁð╝ ð╝ÐâðÀÐïð║ð© ð© ð┐ð¥ÐìðÀð©ð©?
63	ð▓ ð║ð░ð║ð¥ð╝ ð│ð¥ð┤Ðâ ÐéÐÇð░ð┤ð©Ðåð©ð¥ð¢ð¢ð¥ ÐüÐçð©Ðéð░ðÁÐéÐüÐÅ Ðüð╝ðÁÐÇÐéÐî ð░ð╗ðÁð║Ðüð░ð¢ð┤ÐÇð░ ð╝ð░ð║ðÁð┤ð¥ð¢Ðüð║ð¥ð│ð¥?
64	ð║ð░ð║ð¥ð╣ Ðäð©ð╗ð¥Ðüð¥Ðä ð▒Ðïð╗ ð¥Ðüð¢ð¥ð▓ð░ÐéðÁð╗ðÁð╝ ┬½ð╗ð©ð║ðÁÐÅ┬╗ ð▓ ð░Ðäð©ð¢ð░Ðà?
65	ð║ð░ð║ð¥ð╣ ð│ð¥ÐÇð¥ð┤ ð▒Ðïð╗ ð©ðÀð▓ðÁÐüÐéðÁð¢ ð║ð░ð║ ┬½ð╝ð░ÐéðÁÐÇð©ð¢Ðüð║ð©ð╣┬╗ ð┤ð╗ÐÅ ð░Ðäð©ð¢Ðüð║ð¥ð╣ Ðäð©ð╗ð¥Ðüð¥Ðäð©ð©?
66	ð║ð░ð║ð¥ð╣ Ðäð©ð╗ð¥Ðüð¥Ðä ð▒Ðïð╗ ÐâÐçð©ÐéðÁð╗ðÁð╝ ð▓ ð╝ð░ð║ðÁð┤ð¥ð¢Ðüð║ð¥ð╝ Ðåð░ÐÇÐüð║ð¥ð╝ ð┤ð▓ð¥ÐÇðÁ?
67	ð▓ ð║ð░ð║ð¥ð╝ ð│ð¥ð┤Ðâ ÐéÐÇð░ð┤ð©Ðåð©ð¥ð¢ð¢ð¥ ÐüÐçð©Ðéð░ðÁÐéÐüÐÅ ð¢ð░Ðçð░ð╗ð¥ ð┐ÐÇð░ð▓ð╗ðÁð¢ð©ÐÅ ð┐ðÁÐÇð©ð║ð╗ð░ ð▓ ð░Ðäð©ð¢ð░Ðà?
68	ð║ð░ð║ð¥ð╣ Ðäð©ð╗ð¥Ðüð¥Ðä ð▒Ðïð╗ ð┐ðÁÐÇð▓Ðïð╝, ð║Ðéð¥ ð┐ÐïÐéð░ð╗ÐüÐÅ ð¥ð▒ÐèÐÅÐüð¢ð©ÐéÐî ð┐ÐÇð©ÐÇð¥ð┤Ðâ ð▒ðÁðÀ ð▒ð¥ð│ð¥ð▓?
69	ð▓ ð║ð░ð║ð¥ð╝ ð│ð¥ð┤Ðâ Ðüð¥ÐüÐéð¥ÐÅð╗ð¥ÐüÐî ÐüÐÇð░ðÂðÁð¢ð©ðÁ ð┐ÐÇð© ð║Ðâð¢ð░ð║ÐüðÁ?
70	ð▓ ð║ð░ð║ð¥ð╝ ð│ð¥ÐÇð¥ð┤ðÁ ð▒Ðïð╗ ð¥Ðüð¢ð¥ð▓ð░ð¢ ð¥ÐÇð┤ðÁð¢ ð© Ðäð©ð╗ð¥Ðüð¥ÐäÐüð║ð¥ðÁ Ðüð¥ð¥ð▒ÐëðÁÐüÐéð▓ð¥ ð║ð©ð¢ð©ð║ð¥ð▓?
71	ð║ð░ð║ð¥ð╣ Ðäð©ð╗ð¥Ðüð¥Ðä ð▒Ðïð╗ ð©ðÀð▓ðÁÐüÐéðÁð¢ ÐâÐçðÁð¢ð©ðÁð╝ ð¥ ┬½ð▒ðÁÐüÐüð╝ðÁÐÇÐéð©ð© ð┤ÐâÐêð©┬╗?
72	ð▓ ð║ð░ð║ð¥ð╝ ð│ð¥ð┤Ðâ ð┐ÐÇð¥ð©ðÀð¥ÐêÐæð╗ ð┐ðÁÐÇðÁÐàð¥ð┤ ð║ ÐÇðÁÐüð┐Ðâð▒ð╗ð©ð║ð░ð¢Ðüð║ð¥ð╣ Ðäð¥ÐÇð╝ðÁ ð┐ÐÇð░ð▓ð╗ðÁð¢ð©ÐÅ ð▓ ÐÇð©ð╝ðÁ?
